use foxystore;



-- INITIAL DATA INSERTION --

INSERT INTO role (role_id, role_name, description) VALUES
(1, 'ADMIN', 'Administrator with full access'),
(2, 'USER', 'Standard user');

INSERT INTO user (id, user_name, password, email, auth_provider, email_verified, status) VALUES
(1, 'admin', '$2a$10$52irNRVSsJ6O1bLdGcx9XOwZ/REySuwvbwPRVPQruTgHR71VOCWUC', 'admin@foxystore.com', 'local', true, 'ACTIVE'),
(2, 'user', '$2a$10$52irNRVSsJ6O1bLdGcx9XOwZ/REySuwvbwPRVPQruTgHR71VOCWUC', 'user@foxystore.com', 'local', true, 'ACTIVE');
-- Note: Password default is '123456'

INSERT INTO user_role (user_id, role_id) VALUES
(1, 1), -- Admin has ROLE_ADMIN
(1, 2), -- Admin also has ROLE_USER
(2, 2); -- User has ROLE_USER

INSERT INTO sale (sale_id, sale_name, start_date, end_date, discount_percent, is_deleted) VALUES
(1, 'Opening Sale', NOW(), DATE_ADD(NOW(), INTERVAL 30 DAY), 10, false);

INSERT INTO shopping_cart (shopping_cart_id, description, user_id) VALUES
(1, 'Admin Cart', 1),
(2, 'User Cart', 2);

INSERT INTO address (address_id, city, street, detailed_address, name, phone_number, is_default, user_id) VALUES
(1, 'Hanoi', 'street 1', 'detail 1', 'Admin Address', 123456789, true, 1),
(2, 'HCM', 'street 2', 'detail 2', 'User Address', 987654321, true, 2);

insert into catalog(catalog_id ,name) 
values
(1,"Thời trang nam"),
(2,"Thời trang nữ"),
(3, "Phụ kiện thời trang"),
(4,"Thời trang trẻ em");
select *from catalog;

insert into category (category_id, name, catalog_id)
values
(21,"Đầm và váy",2),
(22,"Áo sơ mi blouse",2),
(23,"Áo thun",2),
(24,"Áo khoác",2),
(25,"Chân váy",2),
(26,"Quần jeans",2),
(27,"Quần lengging",2),
(28,"Đồ thể thao",2),
(29,"Áo sơ mi blouse",2),

(31,"Giày dép",3),
(32,"Túi xách",3),
(33,"Thắt lưng",3),
(34,"Mũ nón",3),
(35,"Kính mát",3),
(36,"Đồng hồ",3),
(37,"Trang sức",3);
select *from category;

INSERT INTO product (product_id, created_date, description, name, price, quantity, sold_count, category_id)
VALUES
(180, '2024-06-12', 'Giày Nike SB Force 58 Skate Red White Like Auth', 'Giày Nike SB Force 58 Skate Red White Like Auth', 850000, 1000, 230, 31),
(181, '2024-09-25', 'Giày Nike Air Force 1 Low All White Best Quality', 'Giày Nike Air Force 1 Low All White Best Quality', 900000, 1000, 115, 31),
(182, '2025-01-03', 'Giày Nike Air Force 1 White Brown Like Auth', 'Giày Nike Air Force 1 White Brown Like Auth', 750000, 1000, 378, 31),
(183, '2024-10-14', 'Giày MLB Chunky Liner New York Yankees ‘Black White’ Best Quality', 'Giày MLB Chunky Liner New York Yankees ‘Black White’ Best Quality', 900000, 1000, 269, 31),
(184, '2024-08-01', 'Giày Nike Air Force 1 Low ID ‘Gucci’ Like Auth', 'Giày Nike Air Force 1 Low ID ‘Gucci’ Like Auth', 800000, 1000, 197, 31),
(185, '2024-12-15', 'Giày Nike Air Jordan 1 Low SE ‘Washed Denim’ Like Auth', 'Giày Nike Air Jordan 1 Low SE ‘Washed Denim’ Like Auth', 900000, 1000, 489, 31),
(186, '2024-11-09', 'Giày Nike Air Jordan 1 Low ‘Punk Rock’ Like Auth', 'Giày Nike Air Jordan 1 Low ‘Punk Rock’ Like Auth', 900000, 1000, 298, 31),
(187, '2025-04-20', 'Giày Nike Air Jordan 1 Low SE ‘Paw Print’ Like Auth', 'Giày Nike Air Jordan 1 Low SE ‘Paw Print’ Like Auth', 850000, 1000, 124, 31),
(188, '2024-05-25', 'Nike Air Jordan 1 Low Phantom Denim Like Auth', 'Nike Air Jordan 1 Low Phantom Denim Like Auth', 900000, 1000, 352, 31),
(189, '2025-03-14', 'Giày Nike Dunk Low ‘Year Of The Dragon’ 2024 Best Quality', 'Giày Nike Dunk Low ‘Year Of The Dragon’ 2024 Best Quality', 1200000, 1000, 401, 31),
(190, '2024-07-30', 'Giày Nike Dunk Low ‘Rose Whisper’ Like Auth', 'Giày Nike Dunk Low ‘Rose Whisper’ Like Auth', 850000, 1000, 167, 31),
(191, '2024-10-08', 'Giày Nike SB Dunk Low ‘Union Passport Pack Pistachio’ Like Auth', 'Giày Nike SB Dunk Low ‘Union Passport Pack Pistachio’ Like Auth', 1300000, 1000, 290, 31),
(192, '2024-09-01', 'Giày Nike Air Sb Jordan Otomo Siêu Cấp', 'Giày Nike Air Sb Jordan Otomo Siêu Cấp', 750000, 1000, 382, 31),
(193, '2024-07-18', 'Giày Nike Air Sb Jordan Otomo Siêu Cấp', 'Giày Nike Air Sb Jordan Otomo Siêu Cấp', 750000, 1000, 164, 31),
(194, '2025-02-05', 'Giày Adidas Superstar White Collegiate Green Like Auth', 'Giày Adidas Superstar White Collegiate Green Like Auth', 800000, 1000, 219, 31),
(195, '2025-01-27', 'Giày Adidas Superstar André Saraiva Chalk White Black', 'Giày Adidas Superstar André Saraiva Chalk White Black', 850000, 1000, 312, 31),
(196, '2024-11-20', 'Giày Adidas Superstar White Aluminium Like Auth', 'Giày Adidas Superstar White Aluminium Like Auth', 850000, 1000, 142, 31),
(197, '2024-12-08', 'Giày Adidas Superstar ‘Beige’ Flower Like Auth', 'Giày Adidas Superstar ‘Beige’ Flower Like Auth', 900000, 1000, 201, 31),
(198, '2025-03-03', 'Giày Adidas Superstar Kitty Siêu Cấp', 'Giày Adidas Superstar Kitty Siêu Cấp', 950000, 1000, 283, 31),
(199, '2024-06-22', 'Giày Adidas Superstar Cappuccino Pink Like Auth', 'Giày Adidas Superstar Cappuccino Pink Like Auth', 850000, 1000, 173, 31);



INSERT INTO product (product_id, created_date, name, price, quantity, sold_count, category_id)
VALUES
(200, '2024-12-28', 'Túi xách tay mini nhấn chân quai - TOT 0197 - Màu xanh da trời', 908000, 1000, 484, 32),
(201, '2024-06-24', 'Túi đeo vai hình thang nắp gập nhấn khóa kim loại - SHO 0279 - Màu kem', 1271000, 1000, 147, 32),
(202, '2024-07-21', 'Túi xách tay hình thang basic quai đôi - TOT 0194 - Màu kem', 1026000, 1000, 431, 32),
(203, '2024-09-15', 'Túi xách tay phom mềm dập nổi họa tiết - SAT 0335 - Màu kem', 1154000, 1000, 46, 32),
(204, '2024-06-11', 'Túi xách tay hình thang basic quai đôi - TOT 0194 - Màu đen', 1026000, 1000, 47, 32),
(205, '2024-06-18', 'Túi xách tay hình thang kiểu tối giản - TOT 0192 - Màu be đậm', 928000, 1000, 480, 32),
(206, '2024-08-22', 'Túi Xách Lớn Tote Bag Tay Cầm Dạng Ống', 806000, 1000, 495, 32),
(207, '2024-07-27', 'Túi Xách Nhỏ Phối Tay Cầm Dây Vải', 669000, 1000, 153, 32),
(208, '2024-10-08', 'Túi Xách Nhỏ Đeo Vai Camping', 674000, 1000, 255, 32),
(209, '2024-06-30', 'Túi Xách Nhỏ Tay Cầm Trang Trí Khoá', 602000, 1000, 390, 32),
(210, '2025-03-07', 'Túi Xách Nhỏ Khoá Khắc Hoạ Tiết Houndstooth', 639000, 1000, 153, 32),
(211, '2025-01-13', 'Túi Xách Trung Dạng Tote Form Mềm', 639000, 1000, 420, 32),
(212, '2025-02-15', 'Túi Xách Nhỏ Đeo Vai Hoạ Tiết Chần Bông', 599000, 1000, 58, 32),
(213, '2024-09-09', 'Túi Xách Nhỏ In Hoạ Tiết Chuyển Màu', 699000, 1000, 175, 32),
(214, '2025-03-16', 'Túi Xách Nhỏ Top Handle Có Dây Đeo Chéo', 674000, 1000, 121, 32),
(215, '2024-07-18', 'Túi Xách Nhỏ Tay Cầm Xoắn Phối Charm Trang Trí', 854000, 1000, 308, 32),
(216, '2025-03-25', 'Túi Xách Nhỏ Phối Tay Cầm Xoắn', 719000, 1000, 79, 32),
(217, '2024-11-25', 'Túi Xách Nữ Da TOGO Đeo Chéo & Xách Tay Đựng Laptop & Hồ Sơ SBM395', 1850000, 1000, 347, 32),
(218, '2024-11-06', 'Túi Da TOGO Đeo Chéo & Xách Tay Phong Cách Hiện Đại SBM363', 1790000, 1000, 105, 32),
(219, '2024-11-18', 'Túi Xách Nữ William POLO Đeo Chéo & Xách Tay Thời Trang SBM361', 1490000, 1000, 418, 32),
(220, '2025-02-12', 'Túi Xách Nữ Da TOGO Đeo Chéo & Xách Tay SBM364', 1690000, 1000, 273, 32),
(221, '2024-10-20', 'Túi Xách Nữ Daryna Convertible Xbody Flap', 2799000, 1000, 317, 32);


INSERT INTO product (product_id, created_date, name, price, quantity, sold_count, category_id)
VALUES
(222, '2024-07-12', 'Thắt lưng Monogram Neo', 550000, 1000, 243, 33),
(223, '2024-06-25', 'Thắt Lưng Quickfit Steven Leonardo', 560000, 1000, 132, 33),
(224, '2024-08-19', 'Thắt Lưng Da Quickfit Sid Leonardo', 399000, 1000, 408, 33),
(225, '2024-09-04', 'Thắt Lưng Devon', 499000, 1000, 291, 33),
(226, '2024-10-21', 'Thắt Lưng Nam Zuciani Khóa Kim Da Vân Trơn', 790000, 1000, 178, 33),
(227, '2024-11-16', 'Thắt Lưng Nam Zuciani Da Vân Cổ Điển', 850000, 1000, 346, 33),
(228, '2024-12-30', 'Thắt Lưng Nam Zuciani Đầu Khoá Vàng Kim Sang Trọng', 1220000, 1000, 400, 33),
(229, '2025-01-11', 'Thắt lưng dây bản nhấn chỉ nổi - WAI 0041 - Màu be đậm', 339000, 1000, 105, 33),
(230, '2025-01-20', 'Thắt lưng dây bản nhấn chỉ nổi - WAI 0041 - Màu đen', 339000, 1000, 56, 33),
(231, '2025-02-10', 'Thắt lưng dây mảnh nhấn khóa kiểu - WAI 0040 - Màu đen', 339000, 1000, 382, 33),
(232, '2025-02-15', 'Thắt lưng dây mảnh nhấn khóa gài - WAI 0039 - Màu kem', 339000, 1000, 172, 33),
(233, '2025-03-01', 'Thắt lưng khóa cài đầu tròn cổ điển - WAI 0038 - Màu nâu', 339000, 1000, 228, 33),
(234, '2025-03-09', 'Thắt Lưng Nam LV Cao Cấp Dây Lưng Nam Caro Mặt LV Cài Lỗ Mạ Vàng 24k Sang Trọng Đẳng Cấp', 339000, 1000, 395, 33),
(235, '2025-03-17', 'Thắt Lưng Nữ Bản Nhỏ Chữ D Mặt Khóa Mạ Bạc Dây Nịt Nam Nữ Chất Liệu Da May Viền Chỉn Chu Style Ulzzang T2', 120000, 1000, 167, 33),
(236, '2025-03-20', 'Thắt Lưng Nam Mặt Khóa LV Nguyên Khối Cao Cấp', 120000, 1000, 322, 33),
(237, '2025-03-28', 'Thắt Lưng Nam Cao Cấp Dây Lưng Nam Mặt Khóa Kim Nguyên Khối K025 Phong Cách Thời Trang Hàn Quốc Lịch Lãm TL7', 160000, 1000, 214, 33);


INSERT INTO product (product_id, created_date, name, price, quantity, sold_count, category_id)
VALUES
(238, '2024-06-30', 'Mũ Lưỡi Trai Xếp Ly P0070', 550000, 1000, 138, 34),
(239, '2024-07-05', 'Mũ Nồi P0069', 295000, 1000, 312, 34),
(240, '2024-07-12', 'Mũ Nồi P0068', 295000, 1000, 231, 34),
(241, '2024-07-18', 'Nón Rộng Vành Phối Lưới Thời Trang P0061', 495000, 1000, 119, 34),
(242, '2024-07-21', 'Nón Lưỡi Trai P0057', 295000, 1000, 268, 34),
(243, '2024-07-29', 'Nón Rộng Vành Thời Trang P0062', 495000, 1000, 342, 34),
(244, '2024-08-02', 'Nón Rộng Vành NO-000067', 250000, 1000, 190, 34),
(245, '2024-08-06', 'Nón Bucket NO-000018', 395000, 1000, 378, 34),
(246, '2024-08-11', 'Nón Lưỡi Trai NO-000010', 195000, 1000, 204, 34),
(247, '2024-08-15', 'Nón Rộng Vành NO-000007', 495000, 1000, 172, 34),
(248, '2024-08-19', 'Mũ Nồi NO-000002', 195000, 1000, 289, 34),
(249, '2024-08-24', 'Nón Rộng Vành NO-000001', 195000, 1000, 305, 34),
(250, '2024-08-29', 'Nón Rộng Vành NO-000004', 195000, 1000, 266, 34),
(251, '2024-09-03', 'Mũ Nồi P0066', 250000, 1000, 146, 34),
(252, '2024-09-09', 'Nón Rộng Vành NO-000006', 595000, 1000, 377, 34),
(253, '2024-09-14', 'Nón Rộng Vành NO-000005', 350000, 1000, 199, 34),
(254, '2024-09-19', 'Nón Lưỡi Trai NO-000008', 450000, 1000, 385, 34),
(255, '2024-09-24', 'Nón Lưỡi Trai NO-000009', 310000, 1000, 244, 34),
(256, '2024-09-30', 'Mũ Beret NO-000011', 495000, 1000, 158, 34),
(257, '2024-10-04', 'Mũ Rơm Rộng Vành NO-000012', 280000, 1000, 118, 34),
(258, '2024-10-10', 'Mũ Rơm Rộng Vành NO-000015', 250000, 1000, 301, 34);

INSERT INTO product (product_id, created_date, name, price, quantity, sold_count, category_id)
VALUES
(259, '2024-06-01', 'Kính mát gọng chữ nhật Rectangular Recycled Acetate', 1895000, 1000, 212, 35),
(260, '2024-06-04', 'Kính mát dáng mắt mèo Vesta Angula', 1790000, 1000, 178, 35),
(261, '2024-06-07', 'Kính mát gọng vuông Recycled Acetate & Leather Quilted', 1990000, 1000, 251, 35),
(262, '2024-06-10', 'Kính mát gọng cánh bướm Seraphina Panelled', 2150000, 1000, 303, 35),
(263, '2024-06-13', 'Kính mát gọng cánh bướm Jill Recycled Acetate Geometric Butterfly', 2090000, 1000, 269, 35),
(264, '2024-06-16', 'Kính mát dáng oval Chloe - SPE 0021 - Màu be', 712000, 1000, 194, 35),
(265, '2024-06-18', 'Kính mát dáng chữ nhật Zeyda - SPE 0019 - Màu be đậm', 682000, 1000, 236, 35),
(266, '2024-06-21', 'Kính mát dáng chữ nhật retro Joy - SPE 0017 - Màu xanh da trời', 682000, 1000, 158, 35),
(267, '2024-06-24', 'Kính mát dáng vuông Rachel - WAY 0064 - Màu đen', 712000, 1000, 281, 35),
(268, '2024-06-27', 'Kính mát dáng mắt mèo Veronica - CAT 0019 - Màu đen', 712000, 1000, 209, 35),
(269, '2024-06-30', 'Gọng kính dáng oval Clara - ROU 0052 - Màu đen', 712000, 1000, 187, 35),
(270, '2024-07-03', 'Gọng kính dáng mắt mèo Camilla - CAT 0015 - Màu be', 712000, 1000, 166, 35),
(271, '2024-07-06', 'Kính mắt trong gọng nhựa wayfarer - WAY 0062 - Màu vàng đậm', 468000, 1000, 122, 35),
(272, '2024-07-09', 'Kính mắt trong gọng nhựa wayfarer - WAY 0060 - Màu trong suốt', 468000, 1000, 198, 35),
(273, '2024-07-12', 'Kính mát gọng nhựa wayfarer - WAY 0052 - Màu nâu sáng', 584000, 1000, 244, 35),
(274, '2024-07-15', 'Kính mắt hình đa giác gọng nhỏ - SPE 0008 - Màu bạc', 535000, 1000, 173, 35);

-- quân --

INSERT INTO product (product_id, created_date, description, name, price, quantity, sold_count, category_id) VALUES
(84, '2025-07-01', NULL, 'Floral Vein Dress - Đầm lụa hoa cổ V', 1990000, 1000, 42, 21),
(85, '2025-07-02', NULL, 'Sunbloom Dress – Đầm lụa họa tiết hoa pastel', 1690000, 1000, 25, 21),
(86, '2025-07-03', NULL, 'Élégance Blanche – Đầm ren trắng tay ngắn', 1790000, 1000, 33, 21),
(87, '2025-07-04', NULL, 'Cream Whisper Dress – Đầm lụa ren suông', 2190000, 1000, 16, 21),
(88, '2025-07-05', NULL, 'Sunleaf Dress - Đầm lụa ôm xếp ly', 1590000, 1000, 47, 21),
(89, '2025-07-06', NULL, 'Whisper White Lace – Đầm ren midi tay bồng', 1790000, 1000, 21, 21),
(90, '2025-07-07', NULL, 'Linen Whisper Top – Áo ren dệt hoạ tiết lá', 850000, 1000, 38, 21),
(91, '2025-07-08', NULL, 'Peach Dress - Đầm cổ V đuôi cá Đầm 2 lớp', 845000, 1000, 14, 21),
(92, '2025-07-09', NULL, 'Sunray Top – Áo thun trễ vai thêu hoa', 850000, 1000, 19, 21),
(93, '2025-07-10', NULL, 'Cloud Drift Pants – Quần dài ống suông lụa', 1090000, 1000, 29, 21),
(94, '2025-07-11', NULL, 'Leafline Muse - Áo sơ mi lụa cổ V', 950000, 1000, 36, 21);


INSERT INTO product (product_id, created_date, description, name, price, quantity, sold_count, category_id) VALUES
(95, '2025-05-13', NULL, 'Chân váy dáng vừa', 200000, 1000, 23, 21),
(96, '2025-05-13', NULL, 'Váy Bánh Bèo Tay Ngắn Dáng Bồng Xòe Vải Ren MELLYSTORE Chất Liệu Ren Đính Kim Sa Cao Cấp Đẹp Quyến Rũ ,Sang Trọng', 399000, 1000, 57, 21),
(97, '2025-05-13', NULL, 'Đầm phối tua rua cài cúc bất đối xứng phong cách thanh lịch cho nữ', 500000, 1000, 12, 21),
(98, '2025-05-13', NULL, 'Đầm cài nút xếp ly màu trơn thanh lịch cho nữ L74ED183', 1099000, 1000, 35, 21),
(99, '2025-05-13', NULL, 'Chân váy Trơn Phối Nút Dây Kéo Trước Xếp Ly Họa Tiết Tinh Tế L47ED090 (Kaki)', 499000, 1000, 41, 21),
(100, '2025-05-13', NULL, 'Váy suông đơn giản cắt xẻ cho nữ', 799000, 1000, 8, 21),
(101, '2025-05-13', NULL, 'Váy cổ bèo nhún trơn đơn giản cho nữ', 699000, 1000, 66, 21),
(102, '2025-05-13', NULL, 'Váy suông trơn đơn giản cho nữ', 550000, 1000, 19, 21),
(103, '2025-05-13', NULL, 'Váy vải khâu thắt lưng ren trơn giản dị dành cho nữ', 750000, 1000, 71, 21),
(104, '2025-05-13', NULL, 'Đầm cơ bản màu trơn phong cách thường ngày cho nữ', 899000, 1000, 30, 21);

update product set created_date='2025-06-10' where category_id=21;

INSERT INTO product (product_id, created_date, description, name, price, quantity, sold_count, category_id) VALUES
(105, '2025-05-14', NULL, 'Áo mùa hè cổ điển dành cho sinh viên áo sơ mi ngắn tay màu trơn phiên bản Hàn Quốc của áo sơ mi dáng rộng nửa tay nữ', 199000, 1000, 27, 22),
(106, '2025-05-14', NULL, 'Áo Sơ Mi Tay Dài Teelab Basic Oxford Shirts Unisex Form Oversize Local Brand', 450000, 1000, 41, 22),
(107, '2025-05-14', NULL, 'Áo Sơ Mi Kẻ Thêu Hoa BST03 Dài Tay Unisex By PEABOO Form Rộng Thoáng Mát Dành Cho Nam Nữ', 230000, 1000, 19, 22),
(108, '2025-05-14', NULL, 'Áo Kiểu Tay Phồng Ngắn Phối Ren Màu Sắc Tương Phản Phong Cách Pháp Cho Nữ', 699000, 1000, 36, 22),
(109, '2025-05-14', NULL, 'Áo Sơ Mi Tay Ngắn Kẻ Sọc Local Brand Unisex Form Oversize 3 Màu Xanh, Hồng, Xám ABandon A8', 566000, 1000, 22, 22),
(110, '2025-05-14', NULL, 'Tianlesiwei American Street College Style Áo Sơ Mi Đa Năng Mùa Hè Retro Waffle Hip-Hop Unisex Phong Cách Áo Sơ Mi Tay Ngắn', 899000, 1000, 45, 22),
(111, '2025-05-14', NULL, 'Áo sơ mi ngắn tay SUNNYCOLORChiffon, hai lớp, khăn quàng cổ sọc màu hồng, thời trang mùa hè', 345000, 1000, 17, 22),
(112, '2025-05-14', NULL, 'ZHELIHANGFEI Áo Thun Ngắn Tay Giả Hai Lớp Kèm Khăn Choàng Thời Trang Xuân Hè Cho Nữ', 678000, 1000, 33, 22),
(113, '2025-05-14', NULL, 'Áo Thun Kiểu Nữ Phối Cổ Nơ Kẻ Thuỷ Thủ Hàng Loại 1 Có Bigsize 45-75kg Phong Cách Ullzzang', 455000, 1000, 29, 22),
(114, '2025-05-14', NULL, 'Áo Sơ Mi Công Sở Nữ Đẹp Tay Dài Cổ Thắt Nơ Chất Lụa_(Hàng Lụa Cao Cấp)', 567000, 1000, 38, 22);

INSERT INTO product (product_id, created_date, description, name, price, quantity, sold_count, category_id) VALUES
(115, '2025-05-20', NULL, 'Áo Thun Nam Nữ Unisex Tay Lỡ By JOLI Mã BST01 Hình in Mini Cute Chất Cotton Form Rộng Phong Cách Ulzzang J Joli Trendy', 123000, 1000, 18, 23),
(116, '2025-05-20', NULL, 'Áo Thun Outerity Pesca / D&B Collection / Unisex Localbrand', 399000, 1000, 25, 23),
(117, '2025-05-20', NULL, 'Áo Thun Nữ, Áo Phông Unisex By PEABOO Mã TN So Happy Chất Cotton Thoáng Mát Form Rộng Tay Lỡ Cho Nam Nữ', 299000, 1000, 33, 23),
(118, '2025-05-20', NULL, 'ÁO THUN 19Autumn NAD Unisex Áo phông nam nữ tay lỡ oversize form rộng chất liệu cotton dệt tổ ong thoáng mát', 199000, 1000, 14, 23),
(119, '2025-05-20', NULL, 'Áo thun from rộng nam nữ LETSGOT NAD Unisex -Áo phông kiểu dáng thể thao chất liệu cotton cá sấu', 99000, 1000, 21, 23),
(120, '2025-05-20', NULL, 'SALMO áo thun nữ local brand vintage fashion áo phông tay lỡ unisex Nâu xám 100%Cotton', 900000, 1000, 27, 23),
(121, '2025-05-20', NULL, 'SALMO local brand áo thun mùa hè nữ trắng cổ tròn áo phông tay lỡ unisex tee 100%Cotton', 50000, 1000, 22, 23),
(122, '2025-05-20', NULL, 'Ruidiandian 2024 Mới In Hình Thời Trang Tay Ngắn Cho Nữ Mùa Hè Cổ Tròn Slim Áo Thun Hàn Quốc Chất Lượng Cao Phong Cách Đại Học', 450000, 1000, 38, 23),
(123, '2025-05-20', NULL, 'Áo thun Xược Nữ cổ tim tay ngắn in hình ALICEVN1990,Áo thun nữ babytee form vừa cổ V, Chất Cotton xược, thun giấy', 590000, 1000, 19, 23),
(124, '2025-05-20', NULL, 'Áo Hai Dây, Áo ba lỗ chất thun xược ALICEVN1990, Áo thun mùa hè thoáng mát, siêu xinh hàn quốc', 876000, 1000, 31, 23);

INSERT INTO product (product_id, created_date, description, name, price, quantity, sold_count, category_id) VALUES
(125, '2025-05-10', NULL, 'Áo Hoodie Zip, Áo Khoác Nam Nữ Unisex By PEABOO Mã Trơn Basic Chất Nỉ Bông Form Rộng Mũ 2 Lớp', 350000, 1000, 26, 24),
(126, '2025-05-10', NULL, 'Áo Khoác Nỉ Hoodie Zip COTTON Thêu NQ30 AM Form Rộng Nam Nữ Unisex', 250000, 1000, 19, 24),
(127, '2025-05-10', NULL, 'Áo khoác nam nữ lót lông cừu HMIA, Áo khoác unisex mặc được cả 2 mặt dày dày siêu ấm áo đại Hàn', 199000, 1000, 33, 24),
(128, '2025-05-10', NULL, 'Áo Khoác Gió Nam Nữ Mũ Cao Cấp 2 Lớp JOLI Mã BST01 Chống Nước Chống Nắng Form Rộng Kiểu Dáng Unisex J Joli Trendy', 299000, 1000, 40, 24),
(129, '2025-05-10', NULL, 'Áo khoác hoodie zip nam nữ form rộng, áo hoodie XMLSANDER có mũ 2 lớp kiểu dáng Basic thời trang Unisex Hàn Quốc', 499000, 1000, 15, 24),
(130, '2025-05-10', NULL, 'Áo Khoác Hoodie Zip EMPTI CAO SU LỬNG 04', 150000, 1000, 22, 24),
(131, '2025-05-10', NULL, 'Áo Gió 2 Lớp Cao Cấp Unisex Chống Gió Chống Nước Nhẹ Kiểu Dáng Đơn Giản Có Mũ và Phối Túi Tiện Lợi', 550000, 1000, 29, 24),
(132, '2025-05-10', NULL, 'Áo khoác gió nữ 2 lớp oversize dáng rộng/ Áo kéo khoá kèm mũ trùm phong cách JK Harajuku học sinh Nhật Bản H0026', 500000, 1000, 31, 24),
(133, '2025-05-10', NULL, 'Áo khoác phao mác cao su AGAIN 37° mùa đông dày dặn nam nữ dài tay bo chun Hàn Quốc phối màu form dài rộng', 570000, 1000, 37, 24),
(134, '2025-05-10', NULL, 'Áo Khoác Cardigan Teelab Season 24 Unisex Form Oversize Local Brand AK111', 340000, 1000, 24, 24);

INSERT INTO product (product_id, created_date, description, name, price, quantity, sold_count, category_id) VALUES
(135, '2025-05-11', NULL, 'Chân Váy xếp ly UNDERCOOL Tenis Lưng Cao Kiểu Tennis Skirt Chất Tuyết Mưa CV05', 670000, 1000, 12, 25),
(136, '2025-05-11', NULL, 'Chân Váy dài xẻ đùi dáng ôm công sở sang trọng Oxatyl M133 cho nữ mùa hè phong cách thời trang nữ', 560000, 1000, 8, 25),
(137, '2025-05-11', NULL, 'Chân váy dài dáng xoè basic MOOLYS MK007', 199000, 1000, 21, 25),
(138, '2025-05-11', NULL, 'RUICHE Chân váy chân váy chữ Casual Đơn giản Minimalist Fashion', 560000, 1000, 33, 25),
(139, '2025-05-11', NULL, 'Chân váy thể thao nữ xếp li có quần bảo hộ túi bên hông', 299000, 1000, 16, 25),
(140, '2025-05-11', NULL, 'Chân váy nữ Nhật Vy dáng dài xếp ly có lót chất lụa phù hợp công sở dạo phố sang chảnh', 499000, 1000, 27, 25),
(141, '2025-05-11', NULL, 'Chân Váy Xếp Ly TOTOSA Chữ A Có Dây Nơ Buộc 2 Bên Hông bản H1', 100000, 1000, 10, 25),
(142, '2025-05-11', NULL, 'Chân Váy Ren Chữ A Lưng Cao Xếp Tầng Thời Trang Mới Cho Nữ', 399000, 1000, 19, 25),
(143, '2025-05-11', NULL, 'Chân Váy Chữ A Basic UNDERCOOL Kèm Thắt Lưng Cá Tính 2 Màu Đen Xám', 299000, 1000, 25, 25),
(144, '2025-05-11', NULL, 'Chân Váy Nữ Lưng Cao Túi Hộp Hai Màu Be Đen', 199000, 1000, 14, 25);

INSERT INTO product (product_id, created_date, description, name, price, quantity, sold_count, category_id) VALUES
(145, '2025-05-12', NULL, 'Quần bò ống rộng nữ cạp cao CHERRY quần jeans dáng suông', 123000, 1000, 17, 26),
(146, '2025-05-12', NULL, 'Quần jean nữ lưng cao màu bụi', 560000, 1000, 28, 26),
(147, '2025-05-12', NULL, 'Quần ống rộng thắt dây nơ vải Ruby cao cấp', 780000, 1000, 11, 26),
(148, '2025-05-12', NULL, 'Quần Jean Nữ THE QUAO Trơn Dáng Dài Basic Lưng Cao Ống', 450000, 1000, 20, 26),
(149, '2025-05-12', NULL, 'Quần Jean 𝑩𝒚𝒄𝒂𝒎𝒄𝒂𝒎 Ống Rộng Tôn Dáng Quần Bò', 299000, 1000, 14, 26),
(150, '2025-05-12', NULL, 'Quần Ống Rộng Lưng Thun Sau Ống Suông Culottes Lưng Cao', 599000, 1000, 9, 26),
(151, '2025-05-12', NULL, 'Quần bò xuông jean giấy mềm cạp chun sau rúm thanh lịch cao cấp', 340000, 1000, 25, 26),
(152, '2025-05-12', NULL, 'Quần Jean Nữ Rách Gối Ống Rộng Lưng Cao Kyubi', 560000, 1000, 33, 26),
(153, '2025-05-12', NULL, 'Quần đũi Nhật culottes đũi dáng dài ống rộng siêu Hot dáng suông', 340000, 1000, 7, 26),
(154, '2025-05-12', NULL, 'Quần kaki nữ ống rộng túi hộp cạp cao trẻ trung', 123000, 1000, 19, 26),
(155, '2025-05-12', NULL, 'Quần jeans nữ Chollima ống rộng SIMPLE JEAN Unisex', 299000, 1000, 23, 26);

INSERT INTO product (product_id, created_date, description, name, price, quantity, sold_count, category_id) VALUES
(156, '2025-05-15', NULL, 'Quần Legging Nữ Cạp Cao Hai Khuy Khóa Trước', 90000, 1000, 23, 27),
(157, '2025-05-15', NULL, 'Quần legging đùi ngố lửng cạp cao nâng mông thể thao', 59000, 1000, 15, 27),
(158, '2025-05-15', NULL, 'Quần legging ống loe dài tập yoga', 89000, 1000, 9, 27),
(159, '2025-05-15', NULL, 'Quần tập yoga/thể thao Lovito lưng cao màu trơn', 599000, 1000, 17, 27),
(160, '2025-05-15', NULL, 'Quần legging đùi Choobe biker nữ lửng ngố đồ mặc nhà lưng thun ôm cao cấp tập gym yoga bigsize', 69000, 1000, 13, 27),
(161, '2025-05-15', NULL, 'Quần legging tập yoga thể dục lưng cao màu mới', 200000, 1000, 10, 27),
(162, '2025-05-15', NULL, 'Quần tập gym yoga legging nữ cạp cao Yling vải su đúc nâng v3 tôn dáng cao cấp', 199000, 1000, 21, 27),
(163, '2025-05-15', NULL, 'Set đồ tập áo Miley Long Top trắng mix quần Zenna legging đen Today U Wear', 890000, 1000, 14, 27),
(164, '2025-05-15', NULL, 'Quần Tập Thể Dục Cảm Giác Nhẹ Như Không Thiết Kế Túi Ẩn May Liền Một Mảnh', 56000, 1000, 18, 27),
(165, '2025-05-15', NULL, 'Quần Legging Short Đùi Nữ Vải Thun Lạnh Poly Co Giãn', 450000, 1000, 26, 27);

INSERT INTO product (product_id, created_date, description, name, price, quantity, sold_count, category_id) VALUES
(166, '2025-05-16', NULL, 'Bộ thể thao nam nữ ERNSTING NAD.Đồ bộ thể thao unisex', 99000, 1000, 22, 28),
(167, '2025-05-16', NULL, 'Set đồ tập gym yoga aerobic KSMLOOK, bộ đồ tập nữ', 199000, 1000, 18, 28),
(168, '2025-05-16', NULL, 'Set đồ tập gym yoga thể thao áo Lia top xám mix chân váy Lina', 299000, 1000, 25, 28),
(169, '2025-05-16', NULL, 'Áo thun thể thao nữ cổ tim REETA tập gym,chạy bộ,cầu lông,yoga', 89000, 1000, 30, 28),
(170, '2025-05-16', NULL, 'Áo thun thể thao ngắn tay Kylie short top Today U Wear cổ polo thoáng', 150000, 1000, 13, 28),
(171, '2025-05-16', NULL, 'Bộ Đồ Tập Thể Thao Nữ Topbody Co Giãn 4 Chiều Năng Động', 235000, 1000, 20, 28),
(172, '2025-05-16', NULL, 'Áo thể thao Gladimax Croptop Dài Tay chất thun co giãn mặc tập gym, yoga , aerobic.', 59000, 1000, 27, 28),
(173, '2025-05-16', NULL, 'Áo thun thể thao nữ tập gym yoga Fitme vạt bầu thoáng khí thấm hút mồ hôi', 99000, 1000, 11, 28),
(174, '2025-05-16', NULL, 'Bộ Quần Áo Tập Gym Yoga Nữ Cao Cấp', 299000, 1000, 14, 28),
(175, '2025-05-16', NULL, 'Quần Short Đùi Thể Thao 2 Lớp Nữ Reeta Co Giãn 4 Chiều Tập Gym - Yoga - Chạy bộ - Aerobic Nhiều Màu', 499000, 1000, 19, 28);

select *from product;

INSERT INTO image (image_id, image, product_id) VALUES
(440, '440', 84),
(441, '441', 84),
(442, '442', 84),
(443, '443', 84),
(444, '444', 84),

(445, '445', 85),
(446, '446', 85),
(447, '447', 85),
(448, '448', 85),
(449, '449', 85),

(450, '450', 86),
(451, '451', 86),
(452, '452', 86),
(453, '453', 86),
(454, '454', 86),

(455, '455', 87),
(456, '456', 87),
(457, '457', 87),
(458, '458', 87),
(459, '459', 87),

(460, '460', 88),
(461, '461', 88),
(462, '462', 88),
(463, '463', 88),
(464, '464', 88),

(465, '465', 89),
(466, '466', 89),
(467, '467', 89),

(468, '468', 90),
(469, '469', 90),
(470, '470', 90),
(471, '471', 90),
(472, '472', 90),

(473, '473', 91),
(474, '474', 91),
(475, '475', 91),
(476, '476', 91),
(477, '477', 91),

(478, '478', 92),
(479, '479', 92),
(480, '480', 92),
(481, '481', 92),
(482, '482', 92),

(483, '483', 93),
(484, '484', 93),
(485, '485', 93),
(486, '486', 93),
(487, '487', 93),

(488, '488', 94),
(489, '489', 94),
(490, '490', 94),
(491, '491', 94),
(492, '492', 94);



INSERT INTO image (image_id, description, image, product_id) VALUES
(501, NULL, '501', 95),
(502, NULL, '502', 95),
(503, NULL, '503', 95),
(504, NULL, '504', 96),
(505, NULL, '505', 96),
(506, NULL, '506', 96),
(507, NULL, '507', 96),
(508, NULL, '508', 97),
(509, NULL, '509', 97),
(510, NULL, '510', 97),
(511, NULL, '511', 97),
(512, NULL, '512', 98),
(513, NULL, '513', 98),
(514, NULL, '514', 98),
(515, NULL, '515', 99),
(516, NULL, '516', 99),
(517, NULL, '517', 99),
(518, NULL, '518', 99),
(519, NULL, '519', 100),
(520, NULL, '520', 100),
(521, NULL, '521', 100),
(522, NULL, '522', 100),
(523, NULL, '523', 101),
(524, NULL, '524', 101),
(525, NULL, '525', 101),
(526, NULL, '526', 102),
(527, NULL, '527', 102),
(528, NULL, '528', 102),
(529, NULL, '529', 103),
(530, NULL, '530', 103),
(531, NULL, '531', 103),
(532, NULL, '532', 103),
(533, NULL, '533', 104),
(534, NULL, '534', 104),
(535, NULL, '535', 104);


INSERT INTO image (image_id, description, image, product_id) VALUES
(536, NULL, '536', 105),
(537, NULL, '537', 105),
(538, NULL, '538', 105),
(539, NULL, '539', 105),
(540, NULL, '540', 105),
(541, NULL, '541', 106),
(542, NULL, '542', 106),
(543, NULL, '543', 106),
(544, NULL, '544', 106),
(545, NULL, '545', 107),
(546, NULL, '546', 107),
(547, NULL, '547', 107),
(548, NULL, '548', 108),
(549, NULL, '549', 108),
(550, NULL, '550', 108),
(551, NULL, '551', 108),
(552, NULL, '552', 109),
(553, NULL, '553', 109),
(554, NULL, '554', 109),
(555, NULL, '555', 109),
(556, NULL, '556', 110),
(557, NULL, '557', 110),
(558, NULL, '558', 110),
(559, NULL, '559', 111),
(560, NULL, '560', 111),
(561, NULL, '561', 111),
(562, NULL, '562', 111),
(563, NULL, '563', 112),
(564, NULL, '564', 112),
(565, NULL, '565', 112),
(566, NULL, '566', 112),
(567, NULL, '567', 113),
(568, NULL, '568', 113),
(569, NULL, '569', 113),
(570, NULL, '570', 113),
(571, NULL, '571', 113),
(572, NULL, '572', 114),
(573, NULL, '573', 114),
(574, NULL, '574', 114),
(575, NULL, '575', 114),
(576, NULL, '576', 114);


INSERT INTO image (image_id, description, image, product_id) VALUES
(577, NULL, '577', 115),
(578, NULL, '578', 115),
(579, NULL, '579', 115),
(580, NULL, '580', 115),
(581, NULL, '581', 115),
(582, NULL, '582', 116),
(583, NULL, '583', 116),
(584, NULL, '584', 116),
(585, NULL, '585', 116),
(586, NULL, '586', 117),
(587, NULL, '587', 117),
(588, NULL, '588', 117),
(589, NULL, '589', 117),
(590, NULL, '590', 117),
(591, NULL, '591', 118),
(592, NULL, '592', 118),
(593, NULL, '593', 118),
(594, NULL, '594', 118),
(595, NULL, '595', 118),
(596, NULL, '596', 119),
(597, NULL, '597', 119),
(598, NULL, '598', 119),
(599, NULL, '599', 119),
(600, NULL, '600', 119),
(601, NULL, '601', 120),
(602, NULL, '602', 120),
(603, NULL, '603', 120),
(604, NULL, '604', 120),
(605, NULL, '605', 121),
(606, NULL, '606', 121),
(607, NULL, '607', 121),
(608, NULL, '608', 121),
(609, NULL, '609', 122),
(610, NULL, '610', 122),
(611, NULL, '611', 122),
(612, NULL, '612', 122),
(613, NULL, '613', 122),
(614, NULL, '614', 123),
(615, NULL, '615', 123),
(616, NULL, '616', 123),
(617, NULL, '617', 123),
(618, NULL, '618', 123),
(619, NULL, '619', 124),
(620, NULL, '620', 124),
(621, NULL, '621', 124),
(622, NULL, '622', 124),
(623, NULL, '623', 124);

INSERT INTO image (image_id, description, image, product_id) VALUES
(624, NULL, '624', 125),
(625, NULL, '625', 125),
(626, NULL, '626', 125),
(627, NULL, '627', 125),
(628, NULL, '628', 126),
(629, NULL, '629', 126),
(630, NULL, '630', 126),
(631, NULL, '631', 126),
(632, NULL, '632', 127),
(633, NULL, '633', 127),
(634, NULL, '634', 127),
(635, NULL, '635', 127),
(636, NULL, '636', 128),
(637, NULL, '637', 128),
(638, NULL, '638', 128),
(639, NULL, '639', 128),
(640, NULL, '640', 128),
(641, NULL, '641', 129),
(642, NULL, '642', 129),
(643, NULL, '643', 129),
(644, NULL, '644', 129),
(645, NULL, '645', 130),
(646, NULL, '646', 130),
(647, NULL, '647', 130),
(648, NULL, '648', 130),
(649, NULL, '649', 130),
(650, NULL, '650', 131),
(651, NULL, '651', 131),
(652, NULL, '652', 131),
(653, NULL, '653', 131),
(654, NULL, '654', 132),
(655, NULL, '655', 132),
(656, NULL, '656', 132),
(657, NULL, '657', 132),
(658, NULL, '658', 133),
(659, NULL, '659', 133),
(660, NULL, '660', 133),
(661, NULL, '661', 133),
(662, NULL, '662', 133),
(663, NULL, '663', 134),
(664, NULL, '664', 134),
(665, NULL, '665', 134),
(666, NULL, '666', 134),
(667, NULL, '667', 134);

INSERT INTO image (image_id, description, image, product_id) VALUES
(668, NULL, '668', 135),
(669, NULL, '669', 135),
(670, NULL, '670', 135),
(671, NULL, '671', 135),
(672, NULL, '672', 135),
(673, NULL, '673', 136),
(674, NULL, '674', 136),
(675, NULL, '675', 136),
(676, NULL, '676', 136),
(677, NULL, '677', 136),
(678, NULL, '678', 137),
(679, NULL, '679', 137),
(680, NULL, '680', 137),
(681, NULL, '681', 137),
(682, NULL, '682', 138),
(683, NULL, '683', 138),
(684, NULL, '684', 138),
(685, NULL, '685', 138),
(686, NULL, '686', 138),
(687, NULL, '687', 139),
(688, NULL, '688', 139),
(689, NULL, '689', 139),
(690, NULL, '690', 139),
(691, NULL, '691', 139),
(692, NULL, '692', 140),
(693, NULL, '693', 140),
(694, NULL, '694', 140),
(695, NULL, '695', 140),
(696, NULL, '696', 141),
(697, NULL, '697', 141),
(698, NULL, '698', 141),
(699, NULL, '699', 141),
(700, NULL, '700', 141),
(701, NULL, '701', 142),
(702, NULL, '702', 142),
(703, NULL, '703', 142),
(704, NULL, '704', 142),
(705, NULL, '705', 143),
(706, NULL, '706', 143),
(707, NULL, '707', 143),
(708, NULL, '708', 143),
(709, NULL, '709', 143),
(710, NULL, '710', 144),
(711, NULL, '711', 144),
(712, NULL, '712', 144),
(713, NULL, '713', 144),
(714, NULL, '714', 144);


-- Giày Nike SB Force 58 Skate Red White Like Auth (product_id = 180)
INSERT INTO image (image_id, description, image, product_id) VALUES
(1001, NULL, '1001', 180),
(1002, NULL, '1002', 180),
(1003, NULL, '1003', 180),
(1004, NULL, '1004', 180),
(1005, NULL, '1005', 180),

-- Giày Nike Air Force 1 Low All White Best Quality (product_id = 181)
(1006, NULL, '1006', 181),
(1007, NULL, '1007', 181),
(1008, NULL, '1008', 181),
(1009, NULL, '1009', 181),
(1010, NULL, '1010', 181),

-- Giày Nike Air Force 1 White Brown Like Auth (product_id = 182)
(1011, NULL, '1011', 182),
(1012, NULL, '1012', 182),
(1013, NULL, '1013', 182),
(1014, NULL, '1014', 182),
(1015, NULL, '1015', 182),

-- Giày MLB Chunky Liner New York Yankees ‘Black White’ Best Quality (product_id = 183)
(1016, NULL, '1016', 183),
(1017, NULL, '1017', 183),
(1018, NULL, '1018', 183),
(1019, NULL, '1019', 183),
(1020, NULL, '1020', 183),

-- Giày Nike Air Force 1 Low ID ‘Gucci’ Like Auth (product_id = 184)
(1021, NULL, '1021', 184),
(1022, NULL, '1022', 184),
(1023, NULL, '1023', 184),
(1024, NULL, '1024', 184),
(1025, NULL, '1025', 184),

-- Giày Nike Air Jordan 1 Low SE ‘Washed Denim’ Like Auth (product_id = 185)
(1026, NULL, '1026', 185),
(1027, NULL, '1027', 185),
(1028, NULL, '1028', 185),
(1029, NULL, '1029', 185),
(1030, NULL, '1030', 185),

-- Giày Nike Air Jordan 1 Low ‘Punk Rock’ Like Auth (product_id = 186)
(1031, NULL, '1031', 186),
(1032, NULL, '1032', 186),
(1033, NULL, '1033', 186),
(1034, NULL, '1034', 186),
(1035, NULL, '1035', 186),

-- Giày Nike Air Jordan 1 Low SE ‘Paw Print’ Like Auth (product_id = 187)
(1036, NULL, '1036', 187),
(1037, NULL, '1037', 187),
(1038, NULL, '1038', 187),
(1039, NULL, '1039', 187),
(1040, NULL, '1040', 187),

-- Nike Air Jordan 1 Low Phantom Denim Like Auth (product_id = 188)
(1041, NULL, '1041', 188),
(1042, NULL, '1042', 188),
(1043, NULL, '1043', 188),
(1044, NULL, '1044', 188),
(1045, NULL, '1045', 188),

-- Giày Nike Dunk Low ‘Year Of The Dragon’ 2024 Best Quality (product_id = 189)
(1046, NULL, '1046', 189),
(1047, NULL, '1047', 189),
(1048, NULL, '1048', 189),
(1049, NULL, '1049', 189),
(1050, NULL, '1050', 189),

-- Giày Nike Dunk Low ‘Rose Whisper’ Like Auth (product_id = 190)
(1051, NULL, '1051', 190),
(1052, NULL, '1052', 190),
(1053, NULL, '1053', 190),
(1054, NULL, '1054', 190),
(1055, NULL, '1055', 190),

-- Giày Nike SB Dunk Low ‘Union Passport Pack Pistachio’ Like Auth (product_id = 191)
(1056, NULL, '1056', 191),
(1057, NULL, '1057', 191),
(1058, NULL, '1058', 191),
(1059, NULL, '1059', 191),
(1060, NULL, '1060', 191),

-- Giày Nike Air Sb Jordan Otomo Siêu Cấp (product_id = 192)
(1061, NULL, '1061', 192),
(1062, NULL, '1062', 192),
(1063, NULL, '1063', 192),
(1064, NULL, '1064', 192),
(1065, NULL, '1065', 192),

-- Giày Nike Air Sb Jordan Otomo Siêu Cấp (product_id = 193) - bản lặp
(1066, NULL, '1066', 193),
(1067, NULL, '1067', 193),
(1068, NULL, '1068', 193),
(1069, NULL, '1069', 193),
(1070, NULL, '1070', 193),

-- Giày Adidas Superstar White Collegiate Green Like Auth (product_id = 194)
(1071, NULL, '1071', 194),
(1072, NULL, '1072', 194),
(1073, NULL, '1073', 194),
(1074, NULL, '1074', 194),
(1075, NULL, '1075', 194),

-- Giày Adidas Superstar André Saraiva Chalk White Black (product_id = 195)
(1076, NULL, '1076', 195),
(1077, NULL, '1077', 195),
(1078, NULL, '1078', 195),
(1079, NULL, '1079', 195),
(1080, NULL, '1080', 195),

-- Giày Adidas Superstar White Aluminium Like Auth (product_id = 196)
(1081, NULL, '1081', 196),
(1082, NULL, '1082', 196),
(1083, NULL, '1083', 196),
(1084, NULL, '1084', 196),
(1085, NULL, '1085', 196),

-- Giày Adidas Superstar ‘Beige’ Flower Like Auth (product_id = 197)
(1086, NULL, '1086', 197),
(1087, NULL, '1087', 197),
(1088, NULL, '1088', 197),
(1089, NULL, '1089', 197),
(1090, NULL, '1090', 197),

-- Giày Adidas Superstar Kitty Siêu Cấp (product_id = 198)
(1091, NULL, '1091', 198),
(1092, NULL, '1092', 198),
(1093, NULL, '1093', 198),
(1094, NULL, '1094', 198),
(1095, NULL, '1095', 198),

-- Giày Adidas Superstar Cappuccino Pink Like Auth (product_id = 199)
(1096, NULL, '1096', 199),
(1097, NULL, '1097', 199),
(1098, NULL, '1098', 199),
(1099, NULL, '1099', 199),
(1100, NULL, '1100', 199);



INSERT INTO image (image_id, description, image, product_id) VALUES
-- Túi xách tay mini nhấn chân quai - TOT 0197 - Màu xanh da trời (product_id = 200)
(1101, NULL, '1101', 200),
(1102, NULL, '1102', 200),
(1103, NULL, '1103', 200),
(1104, NULL, '1104', 200),
(1105, NULL, '1105', 200),

-- Túi đeo vai hình thang nắp gập nhấn khóa kim loại - SHO 0279 - Màu kem (product_id = 201)
(1106, NULL, '1106', 201),
(1107, NULL, '1107', 201),
(1108, NULL, '1108', 201),
(1109, NULL, '1109', 201),
(1110, NULL, '1110', 201),

-- Túi xách tay hình thang basic quai đôi - TOT 0194 - Màu kem (product_id = 202)
(1111, NULL, '1111', 202),
(1112, NULL, '1112', 202),
(1113, NULL, '1113', 202),
(1114, NULL, '1114', 202),
(1115, NULL, '1115', 202),

-- Túi xách tay phom mềm dập nổi họa tiết - SAT 0335 - Màu kem (product_id = 203)
(1116, NULL, '1116', 203),
(1117, NULL, '1117', 203),
(1118, NULL, '1118', 203),
(1119, NULL, '1119', 203),
(1120, NULL, '1120', 203),

-- Túi xách tay hình thang basic quai đôi - TOT 0194 - Màu đen (product_id = 204)
(1121, NULL, '1121', 204),
(1122, NULL, '1122', 204),
(1123, NULL, '1123', 204),
(1124, NULL, '1124', 204),
(1125, NULL, '1125', 204),

-- Túi xách tay hình thang kiểu tối giản - TOT 0192 - Màu be đậm (product_id = 205)
(1126, NULL, '1126', 205),
(1127, NULL, '1127', 205),
(1128, NULL, '1128', 205),
(1129, NULL, '1129', 205),
(1130, NULL, '1130', 205),

-- Túi Xách Lớn Tote Bag Tay Cầm Dạng Ống (product_id = 206)
(1131, NULL, '1131', 206),
(1132, NULL, '1132', 206),
(1133, NULL, '1133', 206),
(1134, NULL, '1134', 206),
(1135, NULL, '1135', 206),

-- Túi Xách Nhỏ Phối Tay Cầm Dây Vải (product_id = 207)
(1136, NULL, '1136', 207),
(1137, NULL, '1137', 207),
(1138, NULL, '1138', 207),
(1139, NULL, '1139', 207),
(1140, NULL, '1140', 207),

-- Túi Xách Nhỏ Đeo Vai Camping (product_id = 208)
(1141, NULL, '1141', 208),
(1142, NULL, '1142', 208),
(1143, NULL, '1143', 208),
(1144, NULL, '1144', 208),
(1145, NULL, '1145', 208),

-- Túi Xách Nhỏ Tay Cầm Trang Trí Khoá (product_id = 209)
(1146, NULL, '1146', 209),
(1147, NULL, '1147', 209),
(1148, NULL, '1148', 209),
(1149, NULL, '1149', 209),
(1150, NULL, '1150', 209),

-- Túi Xách Nhỏ Khoá Khắc Hoạ Tiết Houndstooth (product_id = 210)
(1151, NULL, '1151', 210),
(1152, NULL, '1152', 210),
(1153, NULL, '1153', 210),
(1154, NULL, '1154', 210),
(1155, NULL, '1155', 210),

-- Túi Xách Trung Dạng Tote Form Mềm (product_id = 211)
(1156, NULL, '1156', 211),
(1157, NULL, '1157', 211),
(1158, NULL, '1158', 211),
(1159, NULL, '1159', 211),
(1160, NULL, '1160', 211),

-- Túi Xách Nhỏ Đeo Vai Hoạ Tiết Chần Bông (product_id = 212)
(1161, NULL, '1161', 212),
(1162, NULL, '1162', 212),
(1163, NULL, '1163', 212),
(1164, NULL, '1164', 212),
(1165, NULL, '1165', 212),

-- Túi Xách Nhỏ In Hoạ Tiết Chuyển Màu (product_id = 213)
(1166, NULL, '1166', 213),
(1167, NULL, '1167', 213),
(1168, NULL, '1168', 213),
(1169, NULL, '1169', 213),
(1170, NULL, '1170', 213),

-- Túi Xách Nhỏ Top Handle Có Dây Đeo Chéo (product_id = 214)
(1171, NULL, '1171', 214),
(1172, NULL, '1172', 214),
(1173, NULL, '1173', 214),
(1174, NULL, '1174', 214),
(1175, NULL, '1175', 214),

-- Túi Xách Nhỏ Tay Cầm Xoắn Phối Charm Trang Trí (product_id = 215)
(1176, NULL, '1176', 215),
(1177, NULL, '1177', 215),
(1178, NULL, '1178', 215),
(1179, NULL, '1179', 215),
(1180, NULL, '1180', 215),

-- Túi Xách Nhỏ Phối Tay Cầm Xoắn (product_id = 216)
(1181, NULL, '1181', 216),
(1182, NULL, '1182', 216),
(1183, NULL, '1183', 216),
(1184, NULL, '1184', 216),
(1185, NULL, '1185', 216),

-- Túi Xách Nữ Da TOGO Đeo Chéo & Xách Tay Đựng Laptop & Hồ Sơ SBM395 (product_id = 217)
(1186, NULL, '1186', 217),
(1187, NULL, '1187', 217),
(1188, NULL, '1188', 217),
(1189, NULL, '1189', 217),
(1190, NULL, '1190', 217),

-- Túi Da TOGO Đeo Chéo & Xách Tay Phong Cách Hiện Đại SBM363 (product_id = 218)
(1191, NULL, '1191', 218),
(1192, NULL, '1192', 218),
(1193, NULL, '1193', 218),
(1194, NULL, '1194', 218),
(1195, NULL, '1195', 218),

-- Túi Xách Nữ William POLO Đeo Chéo & Xách Tay Thời Trang SBM361 (product_id = 219)
(1196, NULL, '1196', 219),
(1197, NULL, '1197', 219),
(1198, NULL, '1198', 219),
(1199, NULL, '1199', 219),
(1200, NULL, '1200', 219),

-- Túi Xách Nữ Da TOGO Đeo Chéo & Xách Tay SBM364 (product_id = 220)
(1201, NULL, '1201', 220),
(1202, NULL, '1202', 220),
(1203, NULL, '1203', 220),
(1204, NULL, '1204', 220),
(1205, NULL, '1205', 220),

-- Túi Xách Nữ Daryna Convertible Xbody Flap (product_id = 221)
(1206, NULL, '1206', 221),
(1207, NULL, '1207', 221),
(1208, NULL, '1208', 221),
(1209, NULL, '1209', 221),
(1210, NULL, '1210', 221);

-- Insert into image table
INSERT INTO image (image_id, description, image, product_id) VALUES
(1211, NULL, '1211', 222),
(1216, NULL, '1216', 223),
(1221, NULL, '1221', 224),
(1223, NULL, '1223', 224),
(1225, NULL, '1225', 224),
(1226, NULL, '1226', 225),
(1231, NULL, '1231', 226),
(1232, NULL, '1232', 226),
(1233, NULL, '1233', 226),
(1234, NULL, '1234', 226),
(1235, NULL, '1235', 226),
(1236, NULL, '1236', 227),
(1237, NULL, '1237', 227),
(1238, NULL, '1238', 227),
(1239, NULL, '1239', 227),
(1240, NULL, '1240', 227),
(1241, NULL, '1241', 228),
(1242, NULL, '1242', 228),
(1243, NULL, '1243', 228),
(1244, NULL, '1244', 228),
(1245, NULL, '1245', 228),
(1246, NULL, '1246', 229),
(1247, NULL, '1247', 229),
(1248, NULL, '1248', 229),
(1249, NULL, '1249', 229),
(1250, NULL, '1250', 229),
(1251, NULL, '1251', 230),
(1252, NULL, '1252', 230),
(1253, NULL, '1253', 230),
(1254, NULL, '1254', 230),
(1255, NULL, '1255', 230),
(1256, NULL, '1256', 231),
(1257, NULL, '1257', 231),
(1258, NULL, '1258', 231),
(1259, NULL, '1259', 231),
(1260, NULL, '1260', 231),
(1261, NULL, '1261', 232),
(1262, NULL, '1262', 232),
(1263, NULL, '1263', 232),
(1264, NULL, '1264', 232),
(1265, NULL, '1265', 232),
(1266, NULL, '1266', 233),
(1267, NULL, '1267', 233),
(1268, NULL, '1268', 233),
(1269, NULL, '1269', 233),
(1271, NULL, '1271', 234),
(1272, NULL, '1272', 234),
(1273, NULL, '1273', 234),
(1274, NULL, '1274', 234),
(1275, NULL, '1275', 234),
(1276, NULL, '1276', 235),
(1277, NULL, '1277', 235),
(1278, NULL, '1278', 235),
(1279, NULL, '1279', 235),
(1280, NULL, '1280', 235),
(1281, NULL, '1281', 236),
(1282, NULL, '1282', 236),
(1283, NULL, '1283', 236),
(1284, NULL, '1284', 236),
(1285, NULL, '1285', 236),
(1286, NULL, '1286', 237),
(1287, NULL, '1287', 237),
(1288, NULL, '1288', 237),
(1289, NULL, '1289', 237),
(1290, NULL, '1290', 237);

-- Insert into image table for the new products
INSERT INTO image (image_id, description, image, product_id) VALUES
(1291, NULL, '1291', 238),
(1292, NULL, '1292', 238),
(1293, NULL, '1293', 238),
(1294, NULL, '1294', 238),
(1296, NULL, '1296', 239),
(1297, NULL, '1297', 239),
(1298, NULL, '1298', 239),
(1301, NULL, '1301', 240),
(1302, NULL, '1302', 240),
(1303, NULL, '1303', 240),
(1306, NULL, '1306', 241),
(1307, NULL, '1307', 241),
(1308, NULL, '1308', 241),
(1309, NULL, '1309', 241),
(1310, NULL, '1310', 241),
(1311, NULL, '1311', 242),
(1312, NULL, '1312', 242),
(1313, NULL, '1313', 242),
(1314, NULL, '1314', 242),
(1316, NULL, '1316', 243),
(1317, NULL, '1317', 243),
(1318, NULL, '1318', 243),
(1319, NULL, '1319', 243),
(1320, NULL, '1320', 243),
(1321, NULL, '1321', 244),
(1322, NULL, '1322', 244),
(1323, NULL, '1323', 244),
(1324, NULL, '1324', 244),
(1325, NULL, '1325', 244),
(1326, NULL, '1326', 245),
(1327, NULL, '1327', 245),
(1328, NULL, '1328', 245),
(1331, NULL, '1331', 246),
(1332, NULL, '1332', 246),
(1333, NULL, '1333', 246),
(1334, NULL, '1334', 246),
(1335, NULL, '1335', 246),
(1336, NULL, '1336', 247),
(1337, NULL, '1337', 247),
(1338, NULL, '1338', 247),
(1339, NULL, '1339', 247),
(1340, NULL, '1340', 247),
(1341, NULL, '1341', 248),
(1342, NULL, '1342', 248),
(1343, NULL, '1343', 248),
(1344, NULL, '1344', 248),
(1346, NULL, '1346', 249),
(1347, NULL, '1347', 249),
(1348, NULL, '1348', 249),
(1349, NULL, '1349', 249),
(1350, NULL, '1350', 249),
(1351, NULL, '1351', 250),
(1352, NULL, '1352', 250),
(1353, NULL, '1353', 250),
(1354, NULL, '1354', 250),
(1355, NULL, '1355', 250),
(1356, NULL, '1356', 251),
(1357, NULL, '1357', 251),
(1358, NULL, '1358', 251),
(1359, NULL, '1359', 251),
(1360, NULL, '1360', 251),
(1361, NULL, '1361', 252),
(1362, NULL, '1362', 252),
(1363, NULL, '1363', 252),
(1364, NULL, '1364', 252),
(1365, NULL, '1365', 252),
(1366, NULL, '1366', 253),
(1367, NULL, '1367', 253),
(1368, NULL, '1368', 253),
(1369, NULL, '1369', 253),
(1370, NULL, '1370', 253),
(1371, NULL, '1371', 254),
(1372, NULL, '1372', 254),
(1373, NULL, '1373', 254),
(1374, NULL, '1374', 254),
(1375, NULL, '1375', 254),
(1376, NULL, '1376', 255),
(1377, NULL, '1377', 255),
(1378, NULL, '1378', 255),
(1379, NULL, '1379', 255),
(1380, NULL, '1380', 255),
(1381, NULL, '1381', 256),
(1382, NULL, '1382', 256),
(1383, NULL, '1383', 256),
(1384, NULL, '1384', 256),
(1385, NULL, '1385', 256),
(1386, NULL, '1386', 257),
(1387, NULL, '1387', 257),
(1388, NULL, '1388', 257),
(1389, NULL, '1389', 257),
(1390, NULL, '1390', 257),
(1391, NULL, '1391', 258),
(1392, NULL, '1392', 258),
(1393, NULL, '1393', 258),
(1394, NULL, '1394', 258),
(1395, NULL, '1395', 258);

INSERT INTO image (image_id, description, image, product_id) VALUES
(1396, NULL, '1396', 259),
(1397, NULL, '1397', 259),
(1398, NULL, '1398', 259),
(1399, NULL, '1399', 259),
(1400, NULL, '1400', 259),
(1401, NULL, '1401', 260),
(1402, NULL, '1402', 260),
(1403, NULL, '1403', 260),
(1404, NULL, '1404', 260),
(1405, NULL, '1405', 260),
(1406, NULL, '1406', 261),
(1407, NULL, '1407', 261),
(1408, NULL, '1408', 261),
(1409, NULL, '1409', 261),
(1410, NULL, '1410', 261),
(1411, NULL, '1411', 262),
(1412, NULL, '1412', 262),
(1413, NULL, '1413', 262),
(1414, NULL, '1414', 262),
(1415, NULL, '1415', 262),
(1416, NULL, '1416', 263),
(1417, NULL, '1417', 263),
(1418, NULL, '1418', 263),
(1419, NULL, '1419', 263),
(1420, NULL, '1420', 263),
(1421, NULL, '1421', 264),
(1422, NULL, '1422', 264),
(1423, NULL, '1423', 264),
(1424, NULL, '1424', 264),
(1425, NULL, '1425', 264),
(1426, NULL, '1426', 265),
(1427, NULL, '1427', 265),
(1428, NULL, '1428', 265),
(1429, NULL, '1429', 265),
(1430, NULL, '1430', 265),
(1431, NULL, '1431', 266),
(1432, NULL, '1432', 266),
(1433, NULL, '1433', 266),
(1434, NULL, '1434', 266),
(1435, NULL, '1435', 266),
(1436, NULL, '1436', 267),
(1437, NULL, '1437', 267),
(1438, NULL, '1438', 267),
(1439, NULL, '1439', 267),
(1440, NULL, '1440', 267),
(1441, NULL, '1441', 268),
(1442, NULL, '1442', 268),
(1443, NULL, '1443', 268),
(1444, NULL, '1444', 268),
(1445, NULL, '1445', 268),
(1446, NULL, '1446', 269),
(1447, NULL, '1447', 269),
(1448, NULL, '1448', 269),
(1449, NULL, '1449', 269),
(1450, NULL, '1450', 269),
(1451, NULL, '1451', 270),
(1452, NULL, '1452', 270),
(1453, NULL, '1453', 270),
(1454, NULL, '1454', 270),
(1455, NULL, '1455', 270),
(1456, NULL, '1456', 271),
(1457, NULL, '1457', 271),
(1458, NULL, '1458', 271),
(1459, NULL, '1459', 271),
(1460, NULL, '1460', 271),
(1461, NULL, '1461', 272),
(1462, NULL, '1462', 272),
(1463, NULL, '1463', 272),
(1464, NULL, '1464', 272),
(1465, NULL, '1465', 272),
(1466, NULL, '1466', 273),
(1467, NULL, '1467', 273),
(1468, NULL, '1468', 273),
(1469, NULL, '1469', 273),
(1470, NULL, '1470', 273),
(1471, NULL, '1471', 274),
(1472, NULL, '1472', 274),
(1473, NULL, '1473', 274),
(1474, NULL, '1474', 274),
(1475, NULL, '1475', 274);



select *from image;

insert into size(size_id, size_name)
values
(1,"S"),
(2,"M"),
(3,"L"),
(4,"XL");

select *from size;
INSERT INTO product_size (product_id, size_id, quantity)
SELECT p.product_id, s.size_id, 1000
FROM product p
CROSS JOIN size s
WHERE NOT EXISTS (
    SELECT 1 FROM product_size ps 
    WHERE ps.product_id = p.product_id AND ps.size_id = s.size_id
);
select *from product_size;

-- REVIEW DATA --
INSERT INTO review (comment, rating, time, product_id, user_id, reply) VALUES
('Giày đẹp, đi êm chân', 5, NOW(), 180, 2, 'Cảm ơn bạn đã tin tưởng shop!'),
('Chất lượng tốt so với tầm giá', 4, NOW(), 180, 2, NULL),
('Giao hàng hơi chậm nhưng giày đẹp', 4, NOW(), 181, 2, NULL),
('Sản phẩm y hình, rất ưng ý', 5, NOW(), 182, 2, 'Shop rất vui vì bạn hài lòng ạ'),
('Form giày chuẩn, sẽ ủng hộ tiếp', 5, NOW(), 183, 2, NULL);